username,firstname,lastname,email,profile_picture_url,mail_box_id
noah.davis0,Noah,Davis,noah.davis0@outlook.com,https://randomuser.me/api/portraits/men/0.jpg,55e6e4cc-c9cf-4ab0-9f7e-a0d70305bab3
noah.garcia1,Noah,Garcia,noah.garcia1@example.com,https://randomuser.me/api/portraits/women/1.jpg,ecf65f4d-3e40-4c29-a12c-1c26c3719d44
mia.jones2,Mia,Jones,mia.jones2@outlook.com,https://randomuser.me/api/portraits/men/2.jpg,854c440d-eec5-4dea-9e4a-9decf8e0167e
emma.wilson3,Emma,Wilson,emma.wilson3@example.com,https://randomuser.me/api/portraits/women/3.jpg,cd1bfefe-3c16-4a1e-89f3-6cd1cd79dd5b
emma.miller4,Emma,Miller,emma.miller4@yahoo.com,https://randomuser.me/api/portraits/men/4.jpg,02394225-1d1d-479e-94f1-24acf4c264b9
emma.miller5,Emma,Miller,emma.miller5@gmail.com,https://randomuser.me/api/portraits/women/5.jpg,d85bc690-2a1e-42fe-9720-a3f72a3134c2
abigail.martin6,Abigail,Martin,abigail.martin6@outlook.com,https://randomuser.me/api/portraits/men/6.jpg,4a1264d2-bd6e-4333-aa64-634ceb3c6e4d
emma.anderson7,Emma,Anderson,emma.anderson7@gmail.com,https://randomuser.me/api/portraits/women/7.jpg,591cfb56-fb5b-4a7a-8aa5-0dd032d23265
mia.rodriguez8,Mia,Rodriguez,mia.rodriguez8@example.com,https://randomuser.me/api/portraits/men/8.jpg,22148382-2d0e-401c-9cc5-61f9321e16b9
emma.davis9,Emma,Davis,emma.davis9@example.com,https://randomuser.me/api/portraits/women/9.jpg,ced23a44-c804-49cb-a726-6ec348ff7297
michael.moore10,Michael,Moore,michael.moore10@yahoo.com,https://randomuser.me/api/portraits/men/10.jpg,4fbefb6e-6983-4a48-9fa6-a15017974cea
evelyn.brown11,Evelyn,Brown,evelyn.brown11@outlook.com,https://randomuser.me/api/portraits/women/11.jpg,ec49791c-7aba-4c3e-9b61-93a5ef53e01a
mia.martin12,Mia,Martin,mia.martin12@outlook.com,https://randomuser.me/api/portraits/men/12.jpg,66caad28-58c3-4e37-b99e-05c2de056f8b
james.moore13,James,Moore,james.moore13@gmail.com,https://randomuser.me/api/portraits/women/13.jpg,52c56138-e19b-4f36-a63c-fbcb31adf2bd
emma.davis14,Emma,Davis,emma.davis14@yahoo.com,https://randomuser.me/api/portraits/men/14.jpg,c82871ba-45c5-435f-9e83-523aa66d69b9
oliver.taylor15,Oliver,Taylor,oliver.taylor15@yahoo.com,https://randomuser.me/api/portraits/women/15.jpg,d17d0189-e22d-4ae0-80be-ad09f3052b99
william.taylor16,William,Taylor,william.taylor16@outlook.com,https://randomuser.me/api/portraits/men/16.jpg,bc1f86fe-8000-40bf-919a-2e0047362005
alexander.martinez17,Alexander,Martinez,alexander.martinez17@gmail.com,https://randomuser.me/api/portraits/women/17.jpg,7abf214e-5346-48d4-be24-b08d36ca1c4a
abigail.johnson18,Abigail,Johnson,abigail.johnson18@gmail.com,https://randomuser.me/api/portraits/men/18.jpg,15e97f0e-6c98-4680-a00c-18987275b20d
benjamin.anderson19,Benjamin,Anderson,benjamin.anderson19@gmail.com,https://randomuser.me/api/portraits/women/19.jpg,bb05f533-a718-4e09-b749-ecc6a36585d0
charlotte.taylor20,Charlotte,Taylor,charlotte.taylor20@yahoo.com,https://randomuser.me/api/portraits/men/20.jpg,97d2bb05-3139-4baa-89e8-5d614a86e97d
james.rodriguez21,James,Rodriguez,james.rodriguez21@yahoo.com,https://randomuser.me/api/portraits/women/21.jpg,f6367a44-b4f6-4025-94a9-9c0925c7364f
noah.miller22,Noah,Miller,noah.miller22@example.com,https://randomuser.me/api/portraits/men/22.jpg,9b4496c6-45d4-4670-af61-13b77462ab3f
william.brown23,William,Brown,william.brown23@example.com,https://randomuser.me/api/portraits/women/23.jpg,b34e19f4-bdbf-43b7-aa6d-b5e18a0295f1
henry.davis24,Henry,Davis,henry.davis24@gmail.com,https://randomuser.me/api/portraits/men/24.jpg,38b00286-d4e4-41c9-bf72-5dde969697ad
william.anderson25,William,Anderson,william.anderson25@example.com,https://randomuser.me/api/portraits/women/25.jpg,6b882be2-89da-4a98-a29f-139caacfc415
lucas.anderson26,Lucas,Anderson,lucas.anderson26@example.com,https://randomuser.me/api/portraits/men/26.jpg,f01ca4d2-68e5-4f64-bcd5-891a959b254b
benjamin.thomas27,Benjamin,Thomas,benjamin.thomas27@outlook.com,https://randomuser.me/api/portraits/women/27.jpg,7ac27b2b-32c4-4c81-bf20-3da1ba242388
isabella.johnson28,Isabella,Johnson,isabella.johnson28@outlook.com,https://randomuser.me/api/portraits/men/28.jpg,a9c02bbe-0b9d-4d0c-8dbd-eae254ba97f7
michael.davis29,Michael,Davis,michael.davis29@example.com,https://randomuser.me/api/portraits/women/29.jpg,8552464d-dc85-4fac-aeae-db9be86926a1
james.davis30,James,Davis,james.davis30@gmail.com,https://randomuser.me/api/portraits/men/30.jpg,555281c8-ecb7-4cd7-8a3a-0f92f7342afe
lucas.smith31,Lucas,Smith,lucas.smith31@example.com,https://randomuser.me/api/portraits/women/31.jpg,745b9d12-9a83-43f9-85f0-ec07828dd7e8
james.thomas32,James,Thomas,james.thomas32@example.com,https://randomuser.me/api/portraits/men/32.jpg,b6e7cf53-1150-45e2-ab46-ba383a69b0cb
olivia.gonzalez33,Olivia,Gonzalez,olivia.gonzalez33@outlook.com,https://randomuser.me/api/portraits/women/33.jpg,408775fa-e9c6-4e3c-8655-0f66ff60b48b
oliver.miller34,Oliver,Miller,oliver.miller34@example.com,https://randomuser.me/api/portraits/men/34.jpg,8d6c881f-c884-4415-a2e4-d010967ae7ff
james.hernandez35,James,Hernandez,james.hernandez35@example.com,https://randomuser.me/api/portraits/women/35.jpg,136b929b-2ffe-48ac-9960-283ba2f16e8c
sophia.williams36,Sophia,Williams,sophia.williams36@example.com,https://randomuser.me/api/portraits/men/36.jpg,a6e70b16-29d8-443f-8acd-c2f8cef1a3ff
isabella.lopez37,Isabella,Lopez,isabella.lopez37@example.com,https://randomuser.me/api/portraits/women/37.jpg,74036329-ac2a-4a3b-b4ad-18b398c1add7
michael.thomas38,Michael,Thomas,michael.thomas38@yahoo.com,https://randomuser.me/api/portraits/men/38.jpg,a5c836bd-1136-428a-90b7-83122b12e4e6
olivia.smith39,Olivia,Smith,olivia.smith39@example.com,https://randomuser.me/api/portraits/women/39.jpg,0f0e2893-c0a5-4e15-aaa4-d20e530c390f
charlotte.gonzalez40,Charlotte,Gonzalez,charlotte.gonzalez40@yahoo.com,https://randomuser.me/api/portraits/men/40.jpg,cc1ca595-9d8d-4612-a60d-1c33f6d6bb38
lucas.johnson41,Lucas,Johnson,lucas.johnson41@gmail.com,https://randomuser.me/api/portraits/women/41.jpg,7625fa07-9f97-40a0-859f-04932e97833a
abigail.garcia42,Abigail,Garcia,abigail.garcia42@gmail.com,https://randomuser.me/api/portraits/men/42.jpg,5f8eb5f8-6bfe-4894-ab80-8e9760d16f9e
evelyn.lopez43,Evelyn,Lopez,evelyn.lopez43@gmail.com,https://randomuser.me/api/portraits/women/43.jpg,b8d47f28-8d28-4ed4-9680-0f19f2294c16
emma.thomas44,Emma,Thomas,emma.thomas44@outlook.com,https://randomuser.me/api/portraits/men/44.jpg,bd6d2526-af25-4c6a-9916-72e4dfd655df
lucas.miller45,Lucas,Miller,lucas.miller45@yahoo.com,https://randomuser.me/api/portraits/women/45.jpg,f8d3de34-a8ad-43cb-bc3d-11dfca3b9bd1
benjamin.williams46,Benjamin,Williams,benjamin.williams46@yahoo.com,https://randomuser.me/api/portraits/men/46.jpg,571b6594-6eac-465c-a508-837503575a0f
alexander.garcia47,Alexander,Garcia,alexander.garcia47@example.com,https://randomuser.me/api/portraits/women/47.jpg,522218b3-5589-49dc-ab97-a924bacdfeaa
evelyn.brown48,Evelyn,Brown,evelyn.brown48@example.com,https://randomuser.me/api/portraits/men/48.jpg,ca9dc8a3-220e-40ee-99a1-9a8b5eb87e42
ava.miller49,Ava,Miller,ava.miller49@gmail.com,https://randomuser.me/api/portraits/women/49.jpg,0fe8b2bc-9a72-4536-b182-75de82559f79
james.thomas50,James,Thomas,james.thomas50@yahoo.com,https://randomuser.me/api/portraits/men/50.jpg,8fbcbb47-0844-4a95-87b3-6cb7f8a0e231
emma.jones51,Emma,Jones,emma.jones51@outlook.com,https://randomuser.me/api/portraits/women/51.jpg,89141b41-728f-4fe5-950b-85d20336fdea
mia.jones52,Mia,Jones,mia.jones52@yahoo.com,https://randomuser.me/api/portraits/men/52.jpg,52f90806-d311-45fd-a4d3-790f6181ad77
abigail.jackson53,Abigail,Jackson,abigail.jackson53@gmail.com,https://randomuser.me/api/portraits/women/53.jpg,f5f3d562-509a-43a6-bc9b-b959042c7b4b
benjamin.miller54,Benjamin,Miller,benjamin.miller54@yahoo.com,https://randomuser.me/api/portraits/men/54.jpg,df7cab97-4bf0-4644-b130-4c16d6d74155
michael.williams55,Michael,Williams,michael.williams55@gmail.com,https://randomuser.me/api/portraits/women/55.jpg,d52225f8-9a4f-4e90-8d55-01cd064b39f3
william.miller56,William,Miller,william.miller56@yahoo.com,https://randomuser.me/api/portraits/men/56.jpg,1739067f-2f0d-4435-b7fd-26da34b3ba2c
james.johnson57,James,Johnson,james.johnson57@yahoo.com,https://randomuser.me/api/portraits/women/57.jpg,bb90c977-33f0-42c0-9041-05470f23068e
alexander.anderson58,Alexander,Anderson,alexander.anderson58@yahoo.com,https://randomuser.me/api/portraits/men/58.jpg,ed2184e4-991e-4184-b841-17bf21435e8c
alexander.rodriguez59,Alexander,Rodriguez,alexander.rodriguez59@outlook.com,https://randomuser.me/api/portraits/women/59.jpg,aba3bd7d-802d-4f1f-a5be-1b2478520065
oliver.moore60,Oliver,Moore,oliver.moore60@example.com,https://randomuser.me/api/portraits/men/60.jpg,c0cac1b8-84d0-40d6-aa38-2983a5a1a7f4
michael.lopez61,Michael,Lopez,michael.lopez61@gmail.com,https://randomuser.me/api/portraits/women/61.jpg,77f22812-4b11-48a8-953b-278877bc27bf
sophia.hernandez62,Sophia,Hernandez,sophia.hernandez62@gmail.com,https://randomuser.me/api/portraits/men/62.jpg,11681d24-cc82-4ebb-86bb-28934d111ab9
alexander.thomas63,Alexander,Thomas,alexander.thomas63@outlook.com,https://randomuser.me/api/portraits/women/63.jpg,899bff75-ab3c-4ced-9c4c-3e2ad68baf5e
mia.jones64,Mia,Jones,mia.jones64@gmail.com,https://randomuser.me/api/portraits/men/64.jpg,1beb077c-aaf0-467b-b243-5e3e33ca7302
alexander.johnson65,Alexander,Johnson,alexander.johnson65@gmail.com,https://randomuser.me/api/portraits/women/65.jpg,77944d2a-e1a8-490f-a425-549825f2c4db
james.martin66,James,Martin,james.martin66@gmail.com,https://randomuser.me/api/portraits/men/66.jpg,21e0fbc1-5b6f-46fb-a10d-157ffe030e91
mia.rodriguez67,Mia,Rodriguez,mia.rodriguez67@gmail.com,https://randomuser.me/api/portraits/women/67.jpg,92add871-1172-4df5-a62f-a991c24f1dde
james.anderson68,James,Anderson,james.anderson68@yahoo.com,https://randomuser.me/api/portraits/men/68.jpg,48484a7d-3ee8-40f5-bdf4-f6803862ae73
evelyn.garcia69,Evelyn,Garcia,evelyn.garcia69@gmail.com,https://randomuser.me/api/portraits/women/69.jpg,24af9bf4-8568-438c-b316-ee6de0e2007f
isabella.martinez70,Isabella,Martinez,isabella.martinez70@gmail.com,https://randomuser.me/api/portraits/men/70.jpg,0ae97dbd-1137-4da9-a66f-b49dce295a3b
william.davis71,William,Davis,william.davis71@example.com,https://randomuser.me/api/portraits/women/71.jpg,182cbd6b-c24f-4009-a5bf-d3fce7394c49
olivia.wilson72,Olivia,Wilson,olivia.wilson72@yahoo.com,https://randomuser.me/api/portraits/men/72.jpg,c6569ad1-cdda-4c7a-a8e3-4babedf79040
alexander.anderson73,Alexander,Anderson,alexander.anderson73@gmail.com,https://randomuser.me/api/portraits/women/73.jpg,b5e5ce6f-f486-48b1-8a52-dc65cada5d1f
michael.jones74,Michael,Jones,michael.jones74@outlook.com,https://randomuser.me/api/portraits/men/74.jpg,2d108f54-ce6c-415b-ae33-a2137188f546
lucas.gonzalez75,Lucas,Gonzalez,lucas.gonzalez75@example.com,https://randomuser.me/api/portraits/women/75.jpg,73a19549-c3ad-4677-904b-d0bab1c322c0
evelyn.garcia76,Evelyn,Garcia,evelyn.garcia76@gmail.com,https://randomuser.me/api/portraits/men/76.jpg,1c14b0ec-2b7a-473f-942f-255d6165fed6
olivia.miller77,Olivia,Miller,olivia.miller77@outlook.com,https://randomuser.me/api/portraits/women/77.jpg,322e6f2a-3473-4d00-90bb-3f045f9696e4
mia.davis78,Mia,Davis,mia.davis78@outlook.com,https://randomuser.me/api/portraits/men/78.jpg,b3f72492-b89d-4277-8479-1d2eb620d7ba
benjamin.gonzalez79,Benjamin,Gonzalez,benjamin.gonzalez79@yahoo.com,https://randomuser.me/api/portraits/women/79.jpg,3a142196-ae66-4b7f-bb88-63c8e8f8a4aa
mia.rodriguez80,Mia,Rodriguez,mia.rodriguez80@outlook.com,https://randomuser.me/api/portraits/men/80.jpg,7532743b-f2f9-451d-9610-183777f04bbe
oliver.jones81,Oliver,Jones,oliver.jones81@outlook.com,https://randomuser.me/api/portraits/women/81.jpg,1a98c83a-e0fb-45bb-ae15-0030b4fac88b
mia.moore82,Mia,Moore,mia.moore82@outlook.com,https://randomuser.me/api/portraits/men/82.jpg,d326529c-0256-436e-8dd9-3a1df45eb0cb
william.thomas83,William,Thomas,william.thomas83@yahoo.com,https://randomuser.me/api/portraits/women/83.jpg,f59bda67-eb45-46e7-a5b8-8cb54cb94d74
ava.jackson84,Ava,Jackson,ava.jackson84@outlook.com,https://randomuser.me/api/portraits/men/84.jpg,50b850ab-5b0f-42e3-a0ef-eafee4f09396
lucas.williams85,Lucas,Williams,lucas.williams85@example.com,https://randomuser.me/api/portraits/women/85.jpg,4318cc93-7f03-45dd-bbfd-2bcc62787426
sophia.thomas86,Sophia,Thomas,sophia.thomas86@gmail.com,https://randomuser.me/api/portraits/men/86.jpg,1342a24c-2484-432e-af97-f2ccfd5bf3e2
olivia.johnson87,Olivia,Johnson,olivia.johnson87@example.com,https://randomuser.me/api/portraits/women/87.jpg,232152d3-6db3-4d41-9141-18ae10bb602f
abigail.hernandez88,Abigail,Hernandez,abigail.hernandez88@example.com,https://randomuser.me/api/portraits/men/88.jpg,d9a70925-6c2c-41d4-9ad9-2878215523bf
oliver.smith89,Oliver,Smith,oliver.smith89@outlook.com,https://randomuser.me/api/portraits/women/89.jpg,936e4f00-f2f3-4714-a1fc-c9c63fd58cf7
amelia.anderson90,Amelia,Anderson,amelia.anderson90@outlook.com,https://randomuser.me/api/portraits/men/90.jpg,8454c99e-e662-447f-a9ee-d119422b45aa
liam.thomas91,Liam,Thomas,liam.thomas91@example.com,https://randomuser.me/api/portraits/women/91.jpg,2907b755-9626-4a18-9486-f92ca996084b
benjamin.martin92,Benjamin,Martin,benjamin.martin92@yahoo.com,https://randomuser.me/api/portraits/men/92.jpg,c87fa225-a788-4923-9d7c-d8055069908e
emma.thomas93,Emma,Thomas,emma.thomas93@outlook.com,https://randomuser.me/api/portraits/women/93.jpg,bdd27d2f-fd58-429c-a603-5e4a6e29888e
sophia.smith94,Sophia,Smith,sophia.smith94@yahoo.com,https://randomuser.me/api/portraits/men/94.jpg,644f5b80-61da-453c-8093-e81162167d31
charlotte.jones95,Charlotte,Jones,charlotte.jones95@outlook.com,https://randomuser.me/api/portraits/women/95.jpg,5076fab6-0fa6-421a-aa9c-35d7b836ff71
william.garcia96,William,Garcia,william.garcia96@gmail.com,https://randomuser.me/api/portraits/men/96.jpg,04265664-447b-4b12-9f80-0aae0152deef
amelia.rodriguez97,Amelia,Rodriguez,amelia.rodriguez97@outlook.com,https://randomuser.me/api/portraits/women/97.jpg,301dbf52-98cc-499d-9b3c-0faa7369a53b
olivia.thomas98,Olivia,Thomas,olivia.thomas98@outlook.com,https://randomuser.me/api/portraits/men/98.jpg,2fe3c4d8-3ee7-4bae-ac4e-9537ff86b148
henry.davis99,Henry,Davis,henry.davis99@gmail.com,https://randomuser.me/api/portraits/women/99.jpg,eb0f49ef-7cf1-489c-8d8d-fd93e8bdf5b1
michael.williams100,Michael,Williams,michael.williams100@example.com,https://randomuser.me/api/portraits/men/0.jpg,ad2bd5dd-f784-4d4a-844d-bbdb6eb31337
noah.taylor101,Noah,Taylor,noah.taylor101@gmail.com,https://randomuser.me/api/portraits/women/1.jpg,3f00f039-4e57-4061-afa2-6964cd5615cd
charlotte.moore102,Charlotte,Moore,charlotte.moore102@outlook.com,https://randomuser.me/api/portraits/men/2.jpg,59633945-c296-46fc-acde-3316710f3ab2
william.brown103,William,Brown,william.brown103@outlook.com,https://randomuser.me/api/portraits/women/3.jpg,d17a260a-60e3-426c-bacd-b89035efada8
benjamin.lopez104,Benjamin,Lopez,benjamin.lopez104@outlook.com,https://randomuser.me/api/portraits/men/4.jpg,ddd429e4-d2df-4473-8c5d-53df9674aa9c
benjamin.brown105,Benjamin,Brown,benjamin.brown105@example.com,https://randomuser.me/api/portraits/women/5.jpg,2c38e26f-8fec-465f-a5a5-7bf5f707e6ad
mia.lopez106,Mia,Lopez,mia.lopez106@outlook.com,https://randomuser.me/api/portraits/men/6.jpg,8604541a-d888-4556-bd3b-a21a8e5febde
lucas.hernandez107,Lucas,Hernandez,lucas.hernandez107@gmail.com,https://randomuser.me/api/portraits/women/7.jpg,44bec54f-9b42-4ac6-8f83-16ac080eefbc
charlotte.jones108,Charlotte,Jones,charlotte.jones108@outlook.com,https://randomuser.me/api/portraits/men/8.jpg,f11d45ab-9270-4b46-88f1-a8d4c8048a37
liam.lopez109,Liam,Lopez,liam.lopez109@outlook.com,https://randomuser.me/api/portraits/women/9.jpg,5a5ad9b3-6d42-4057-b963-55e1cf6c7893
emma.jackson110,Emma,Jackson,emma.jackson110@gmail.com,https://randomuser.me/api/portraits/men/10.jpg,9b7de2fb-dfe6-472d-b765-3f4116d565f1
isabella.wilson111,Isabella,Wilson,isabella.wilson111@gmail.com,https://randomuser.me/api/portraits/women/11.jpg,98eb8933-4bf6-4544-9688-1d1a3eb01142
evelyn.jackson112,Evelyn,Jackson,evelyn.jackson112@gmail.com,https://randomuser.me/api/portraits/men/12.jpg,b5d351d4-2195-475c-8460-b6670f07b7a0
abigail.jackson113,Abigail,Jackson,abigail.jackson113@example.com,https://randomuser.me/api/portraits/women/13.jpg,3c8246b5-2a1c-4372-a0e6-e22ab894bef1
lucas.miller114,Lucas,Miller,lucas.miller114@gmail.com,https://randomuser.me/api/portraits/men/14.jpg,7be13add-57c1-46c2-93cd-d1b5f9af660a
evelyn.martinez115,Evelyn,Martinez,evelyn.martinez115@example.com,https://randomuser.me/api/portraits/women/15.jpg,9256f379-dd79-4d55-b73a-6b984c8b10b5
michael.jones116,Michael,Jones,michael.jones116@gmail.com,https://randomuser.me/api/portraits/men/16.jpg,44ac4124-da15-4f59-b519-5530d59e0515
liam.williams117,Liam,Williams,liam.williams117@example.com,https://randomuser.me/api/portraits/women/17.jpg,ed2ebd19-8047-447d-acfd-80780686b8fe
noah.rodriguez118,Noah,Rodriguez,noah.rodriguez118@gmail.com,https://randomuser.me/api/portraits/men/18.jpg,500516bb-3a3c-4ac1-bee8-70db519dd72a
william.martin119,William,Martin,william.martin119@gmail.com,https://randomuser.me/api/portraits/women/19.jpg,e4395a45-cb8f-4b26-8f45-63946479511e
amelia.anderson120,Amelia,Anderson,amelia.anderson120@example.com,https://randomuser.me/api/portraits/men/20.jpg,e6eeffdb-cfa4-43dc-a917-4898dd39de10
henry.martinez121,Henry,Martinez,henry.martinez121@yahoo.com,https://randomuser.me/api/portraits/women/21.jpg,b434f11e-d3a1-4868-8374-3aff68614d33
michael.garcia122,Michael,Garcia,michael.garcia122@example.com,https://randomuser.me/api/portraits/men/22.jpg,d626358e-0707-4499-b145-090913743cde
abigail.rodriguez123,Abigail,Rodriguez,abigail.rodriguez123@yahoo.com,https://randomuser.me/api/portraits/women/23.jpg,d7b9fc9b-90af-4210-a988-15644d880633
abigail.jackson124,Abigail,Jackson,abigail.jackson124@example.com,https://randomuser.me/api/portraits/men/24.jpg,0e7f4565-5fd8-4f1b-9740-5a57b7b629aa
olivia.johnson125,Olivia,Johnson,olivia.johnson125@yahoo.com,https://randomuser.me/api/portraits/women/25.jpg,9815efb3-5529-4c3b-aea0-61827c24456f
mia.wilson126,Mia,Wilson,mia.wilson126@gmail.com,https://randomuser.me/api/portraits/men/26.jpg,3069db4e-d11f-4767-a223-d9666c167514
abigail.wilson127,Abigail,Wilson,abigail.wilson127@gmail.com,https://randomuser.me/api/portraits/women/27.jpg,e460aa73-f98b-4bb8-9f1d-ae59073902f1
isabella.brown128,Isabella,Brown,isabella.brown128@example.com,https://randomuser.me/api/portraits/men/28.jpg,a3cb15f3-85f8-4225-b5bd-655bc9a1b508
abigail.gonzalez129,Abigail,Gonzalez,abigail.gonzalez129@gmail.com,https://randomuser.me/api/portraits/women/29.jpg,ff5c15ec-f001-492a-bf30-2c60707b3fda
evelyn.anderson130,Evelyn,Anderson,evelyn.anderson130@outlook.com,https://randomuser.me/api/portraits/men/30.jpg,640482c6-295c-441e-b630-4fb6a0454526
henry.williams131,Henry,Williams,henry.williams131@outlook.com,https://randomuser.me/api/portraits/women/31.jpg,51725603-9ff7-4e2e-a63c-b671f5e31114
henry.miller132,Henry,Miller,henry.miller132@outlook.com,https://randomuser.me/api/portraits/men/32.jpg,cd1617c2-e635-4939-b589-bf2b1eed8ffc
alexander.taylor133,Alexander,Taylor,alexander.taylor133@yahoo.com,https://randomuser.me/api/portraits/women/33.jpg,07774a8b-43d6-4378-a8ae-a28f46bc2f03
charlotte.johnson134,Charlotte,Johnson,charlotte.johnson134@gmail.com,https://randomuser.me/api/portraits/men/34.jpg,a7580cb6-d4eb-42cf-825a-323123cc78ae
lucas.wilson135,Lucas,Wilson,lucas.wilson135@outlook.com,https://randomuser.me/api/portraits/women/35.jpg,66d9f627-6e9c-45f3-af36-fe5a5b602a49
abigail.hernandez136,Abigail,Hernandez,abigail.hernandez136@gmail.com,https://randomuser.me/api/portraits/men/36.jpg,2269ce49-0c37-4af3-a3f8-23b5c08a762c
henry.anderson137,Henry,Anderson,henry.anderson137@gmail.com,https://randomuser.me/api/portraits/women/37.jpg,c15d90e3-dc0c-4195-a2e5-590b575c7e6f
charlotte.brown138,Charlotte,Brown,charlotte.brown138@yahoo.com,https://randomuser.me/api/portraits/men/38.jpg,cb3e2ee5-6f09-4065-8c73-12a0196f1956
abigail.rodriguez139,Abigail,Rodriguez,abigail.rodriguez139@gmail.com,https://randomuser.me/api/portraits/women/39.jpg,da823e24-8425-462f-8f1c-55fbb2e2b727
charlotte.davis140,Charlotte,Davis,charlotte.davis140@outlook.com,https://randomuser.me/api/portraits/men/40.jpg,a289d4f1-f367-4673-9db2-a4847ed66458
sophia.martin141,Sophia,Martin,sophia.martin141@yahoo.com,https://randomuser.me/api/portraits/women/41.jpg,bf1e4b40-9fcc-4393-8d4d-c63f60045a96
charlotte.davis142,Charlotte,Davis,charlotte.davis142@yahoo.com,https://randomuser.me/api/portraits/men/42.jpg,d248478f-d0c4-4308-93d6-c71c66a22b7e
henry.jones143,Henry,Jones,henry.jones143@example.com,https://randomuser.me/api/portraits/women/43.jpg,ff042810-7a82-46a6-ab0d-19eb8a98e149
evelyn.johnson144,Evelyn,Johnson,evelyn.johnson144@gmail.com,https://randomuser.me/api/portraits/men/44.jpg,8ccb7b86-8819-462f-87c6-9f10dac1bb8e
lucas.thomas145,Lucas,Thomas,lucas.thomas145@example.com,https://randomuser.me/api/portraits/women/45.jpg,b102ff74-bc0a-4512-99a5-437b1ed3be43
lucas.martinez146,Lucas,Martinez,lucas.martinez146@gmail.com,https://randomuser.me/api/portraits/men/46.jpg,7d01e22f-f94c-49db-bef2-4100e8af714a
sophia.jackson147,Sophia,Jackson,sophia.jackson147@example.com,https://randomuser.me/api/portraits/women/47.jpg,76f0c37f-11ff-415c-b3fc-72dabadac375
alexander.brown148,Alexander,Brown,alexander.brown148@gmail.com,https://randomuser.me/api/portraits/men/48.jpg,1f886a22-dcae-4cc6-ad5f-d8eacbe82331
henry.garcia149,Henry,Garcia,henry.garcia149@yahoo.com,https://randomuser.me/api/portraits/women/49.jpg,e5ffe61b-75bf-4c09-b2f8-adb33dafef01
benjamin.taylor150,Benjamin,Taylor,benjamin.taylor150@example.com,https://randomuser.me/api/portraits/men/50.jpg,7d3e66f6-8982-4f40-92d5-f1914bbf47ee
abigail.martin151,Abigail,Martin,abigail.martin151@example.com,https://randomuser.me/api/portraits/women/51.jpg,ab9017a3-f032-4047-a64a-0c084fe8adc6
mia.williams152,Mia,Williams,mia.williams152@outlook.com,https://randomuser.me/api/portraits/men/52.jpg,1aa7829f-0dd7-4ee7-9bff-0cba293bef69
emma.rodriguez153,Emma,Rodriguez,emma.rodriguez153@example.com,https://randomuser.me/api/portraits/women/53.jpg,ee3e79b0-8bc6-44fb-9940-01fa6848da32
james.rodriguez154,James,Rodriguez,james.rodriguez154@yahoo.com,https://randomuser.me/api/portraits/men/54.jpg,27fc5a89-967c-4808-ac5c-1cfa90a9e9e5
sophia.lopez155,Sophia,Lopez,sophia.lopez155@gmail.com,https://randomuser.me/api/portraits/women/55.jpg,b2762d58-45c6-431e-87e7-ec418864fccd
olivia.martinez156,Olivia,Martinez,olivia.martinez156@example.com,https://randomuser.me/api/portraits/men/56.jpg,5d105da3-e769-435f-b301-58ac05fd8962
michael.smith157,Michael,Smith,michael.smith157@yahoo.com,https://randomuser.me/api/portraits/women/57.jpg,ed16f266-9716-4c5a-b677-0f1d3ae92abe
olivia.rodriguez158,Olivia,Rodriguez,olivia.rodriguez158@outlook.com,https://randomuser.me/api/portraits/men/58.jpg,e4c7412f-77f9-4308-8b86-319f0eae34bd
emma.jones159,Emma,Jones,emma.jones159@outlook.com,https://randomuser.me/api/portraits/women/59.jpg,e5d1b678-521f-42a8-bd99-671dd30e257e
emma.hernandez160,Emma,Hernandez,emma.hernandez160@outlook.com,https://randomuser.me/api/portraits/men/60.jpg,c86a3ea8-139c-46f7-94f9-f7012dbbd667
noah.smith161,Noah,Smith,noah.smith161@outlook.com,https://randomuser.me/api/portraits/women/61.jpg,cb2928df-1a04-4a5f-9a60-fc9684738147
olivia.williams162,Olivia,Williams,olivia.williams162@yahoo.com,https://randomuser.me/api/portraits/men/62.jpg,51aee359-19f6-41ea-ab19-f93f4fc95867
charlotte.martinez163,Charlotte,Martinez,charlotte.martinez163@example.com,https://randomuser.me/api/portraits/women/63.jpg,b47cb272-eac5-4b18-b856-f7a3b0512355
emma.gonzalez164,Emma,Gonzalez,emma.gonzalez164@outlook.com,https://randomuser.me/api/portraits/men/64.jpg,e56f67de-5ed5-4c35-a26f-333cdfc35a5b
noah.moore165,Noah,Moore,noah.moore165@yahoo.com,https://randomuser.me/api/portraits/women/65.jpg,f416645a-cec5-4d77-a8a9-3db72167d55c
abigail.hernandez166,Abigail,Hernandez,abigail.hernandez166@outlook.com,https://randomuser.me/api/portraits/men/66.jpg,1787ed24-23d1-4dc7-b165-c4ae84491f85
olivia.rodriguez167,Olivia,Rodriguez,olivia.rodriguez167@gmail.com,https://randomuser.me/api/portraits/women/67.jpg,de647bb9-133e-4f5d-baa5-3a60cd083c83
sophia.smith168,Sophia,Smith,sophia.smith168@yahoo.com,https://randomuser.me/api/portraits/men/68.jpg,500df619-36d5-4fba-9e55-4e4b67ef7dce
mia.martin169,Mia,Martin,mia.martin169@outlook.com,https://randomuser.me/api/portraits/women/69.jpg,b34c35d4-ef89-44d2-b7e7-8e958df954ae
amelia.taylor170,Amelia,Taylor,amelia.taylor170@outlook.com,https://randomuser.me/api/portraits/men/70.jpg,336e7791-9f21-4c91-849b-e366363098a2
oliver.hernandez171,Oliver,Hernandez,oliver.hernandez171@outlook.com,https://randomuser.me/api/portraits/women/71.jpg,e3e20902-370b-4cc2-a369-c460f6cd299b
henry.davis172,Henry,Davis,henry.davis172@example.com,https://randomuser.me/api/portraits/men/72.jpg,03da1043-7f27-4483-adf0-fdf1c6da66b2
alexander.gonzalez173,Alexander,Gonzalez,alexander.gonzalez173@yahoo.com,https://randomuser.me/api/portraits/women/73.jpg,35b0e4a0-8026-48b7-87b3-a4363428b9d5
charlotte.lopez174,Charlotte,Lopez,charlotte.lopez174@outlook.com,https://randomuser.me/api/portraits/men/74.jpg,3e6594e7-3f92-4252-b9a3-7c5bda4ac973
alexander.smith175,Alexander,Smith,alexander.smith175@yahoo.com,https://randomuser.me/api/portraits/women/75.jpg,9090e2f9-d358-4b71-b7ef-cb48133bdc9a
alexander.wilson176,Alexander,Wilson,alexander.wilson176@outlook.com,https://randomuser.me/api/portraits/men/76.jpg,8426e3ff-c04d-40c6-a388-0d10fa159cb3
olivia.williams177,Olivia,Williams,olivia.williams177@yahoo.com,https://randomuser.me/api/portraits/women/77.jpg,87ec55af-38e6-49d4-b922-d9f4cabe7daa
noah.smith178,Noah,Smith,noah.smith178@outlook.com,https://randomuser.me/api/portraits/men/78.jpg,5acb0478-4d56-4205-9d2e-aeb41f031eb4
sophia.garcia179,Sophia,Garcia,sophia.garcia179@gmail.com,https://randomuser.me/api/portraits/women/79.jpg,b6ab18c8-7bfe-40ea-aa6e-2e9c4084ebe9
amelia.anderson180,Amelia,Anderson,amelia.anderson180@example.com,https://randomuser.me/api/portraits/men/80.jpg,808e29f1-e23c-40d7-971b-126142715c54
sophia.jones181,Sophia,Jones,sophia.jones181@example.com,https://randomuser.me/api/portraits/women/81.jpg,6859723b-6286-4903-8e06-b5706b2f6e5b
william.brown182,William,Brown,william.brown182@outlook.com,https://randomuser.me/api/portraits/men/82.jpg,eb3d78eb-e299-4236-9ca7-41ee8665a34f
michael.anderson183,Michael,Anderson,michael.anderson183@example.com,https://randomuser.me/api/portraits/women/83.jpg,7a73131a-09c9-43cf-ae1f-95e910fd5a37
olivia.davis184,Olivia,Davis,olivia.davis184@gmail.com,https://randomuser.me/api/portraits/men/84.jpg,428a8aca-e8d5-4a3d-82d3-0564defd996b
sophia.brown185,Sophia,Brown,sophia.brown185@outlook.com,https://randomuser.me/api/portraits/women/85.jpg,05d5cb68-4da2-4bb2-9018-9d204c012a74
oliver.rodriguez186,Oliver,Rodriguez,oliver.rodriguez186@outlook.com,https://randomuser.me/api/portraits/men/86.jpg,16aa3310-53fd-45b4-8c7c-3b03380fe9bd
ava.jackson187,Ava,Jackson,ava.jackson187@outlook.com,https://randomuser.me/api/portraits/women/87.jpg,92e3aadb-e39d-478f-a537-5e624856898a
sophia.miller188,Sophia,Miller,sophia.miller188@gmail.com,https://randomuser.me/api/portraits/men/88.jpg,4607fb5c-3779-4d17-9885-24084273b3ad
olivia.jackson189,Olivia,Jackson,olivia.jackson189@yahoo.com,https://randomuser.me/api/portraits/women/89.jpg,f686f34e-a783-44c0-9231-6b7692bbc050
isabella.davis190,Isabella,Davis,isabella.davis190@yahoo.com,https://randomuser.me/api/portraits/men/90.jpg,41834e5d-fa52-4d05-9e2d-9f80305b8f3b
benjamin.miller191,Benjamin,Miller,benjamin.miller191@outlook.com,https://randomuser.me/api/portraits/women/91.jpg,0ae348b4-bae3-4fcc-ad09-42fd63ec2fec
amelia.rodriguez192,Amelia,Rodriguez,amelia.rodriguez192@gmail.com,https://randomuser.me/api/portraits/men/92.jpg,848c6587-65ff-4cee-9139-ae60cad65b06
isabella.davis193,Isabella,Davis,isabella.davis193@yahoo.com,https://randomuser.me/api/portraits/women/93.jpg,87e98e95-9d8c-4c01-bc2d-af687d0bbd2c
amelia.williams194,Amelia,Williams,amelia.williams194@gmail.com,https://randomuser.me/api/portraits/men/94.jpg,06a31fcd-c08d-47a5-846b-5c37d8517f42
mia.lopez195,Mia,Lopez,mia.lopez195@gmail.com,https://randomuser.me/api/portraits/women/95.jpg,a0440bf0-9ce4-4641-8bf0-75197a0545dd
mia.gonzalez196,Mia,Gonzalez,mia.gonzalez196@outlook.com,https://randomuser.me/api/portraits/men/96.jpg,9cd88ad4-d1f1-4cb5-8d57-9b7f1d4cbd59
evelyn.lopez197,Evelyn,Lopez,evelyn.lopez197@outlook.com,https://randomuser.me/api/portraits/women/97.jpg,1b776e39-7ef4-4d4c-8976-d6cf30f73dd4
william.thomas198,William,Thomas,william.thomas198@yahoo.com,https://randomuser.me/api/portraits/men/98.jpg,3a636900-d64f-44e5-918d-3c52d2389924
oliver.miller199,Oliver,Miller,oliver.miller199@example.com,https://randomuser.me/api/portraits/women/99.jpg,9c0eb821-cabf-4660-b76f-a83c3dd826ff
